customer_id,purchase_amount,purchase_date,state,product_category
CUST_00001,830.09,2025-05-15 02:41:42.460532,Cal,Sports
CUST_00002,329.75,2026-02-25 02:41:42.460532,New York,Home & Garden
CUST_00003,244.88,2025-07-08 02:41:42.460532,Fl.,Electronics
CUST_00004,270.01,2026-01-11 02:41:42.460532,Il.,Books
CUST_00005,509.38,2025-10-30 02:41:42.460532,TX,clothes
CUST_00006,746.61,2026-02-05 02:41:42.460532,N.Y,Home & Garden
CUST_00007,508.19,2025-08-28 02:41:42.460532,N.Y,Home & Garden
CUST_00008,77.12,2025-04-21 02:41:42.460532,Ill,Home & Garden
CUST_00009,726.34,2025-11-19 02:41:42.460532,Fla,Sports
CUST_00010,807.91,2025-03-30 02:41:42.460532,CA,Books
CUST_00011,296.6,2025-03-17 02:41:42.460532,Tex,Wearables
CUST_00012,667.48,2025-11-14 02:41:42.460532,Ca. ,ELEC
CUST_00013,432.33,2025-10-01 02:41:42.460532,TEXAS,Electronics
CUST_00014,890.23,2025-08-12 02:41:42.460532,NY,Books
CUST_00015,846.77,2025-09-12 02:41:42.460532,CALIFORNIA ,Home & Garden
CUST_00016,530.18,2025-06-20 02:41:42.460532,FLORIDA ,Home & Garden
CUST_00017,694.59,2025-06-10 02:41:42.460532,N.Y ,Home & Garden
CUST_00018,884.52,2026-03-07 02:41:42.460532,IL,Home & Garden
CUST_00019,500.76,2025-03-18 02:41:42.460532,IL ,Home & Garden
CUST_00020,320.12,2025-10-28 02:41:42.460532,Illinois ,Books
CUST_00021,756.13,2025-11-04 02:41:42.460532,TEXAS,Sports
CUST_00022,227.87,2025-10-15 02:41:42.460532,New York,Clothing
CUST_00023,394.65,2026-01-23 02:41:42.460532,FL,Home & Garden
CUST_00024,867.07,2025-08-19 02:41:42.460532,CALIFORNIA,Sports
CUST_00025,727.18,2025-04-01 02:41:42.460532,New York,Electronics
CUST_00026,409.77,2025-09-17 02:41:42.460532,Fla,Books
CUST_00027,222.6,2026-02-01 02:41:42.460532,ILLINOIS ,Sports
CUST_00028,362.41,2025-06-01 02:41:42.460532,Il.,Home & Garden
CUST_00029,291.26,2025-12-10 02:41:42.460532,IL ,Home & Garden
CUST_00030,184.33,2025-07-11 02:41:42.460532,Illinois ,Home & Garden
CUST_00031,745.9,2025-10-02 02:41:42.460532,FLORIDA ,Sports
CUST_00032,259.55,2025-09-11 02:41:42.460532,FL,Home & Garden
CUST_00033,459.63,2025-11-20 02:41:42.460532,NYC,Sports
CUST_00034,392.0,2025-05-22 02:41:42.460532,CA,Home & Garden
CUST_00035,982.26,2025-10-25 02:41:42.460532,TEXAS,Electronics
CUST_00036,397.18,2025-12-08 02:41:42.460532,Illinois ,Elect
CUST_00037,89.18,2025-03-27 02:41:42.460532,TEXAS,Clothing
CUST_00038,98.93,2025-12-04 02:41:42.460532,CALIFORNIA,Home & Garden
CUST_00039,594.85,2025-06-29 02:41:42.460532,California ,Home & Garden
CUST_00040,603.37,2025-11-29 02:41:42.460532,Calif ,Sports
CUST_00041,424.57,2025-11-11 02:41:42.460532,CA,Sports
CUST_00042,437.53,2025-11-08 02:41:42.460532,Tx.,Home & Garden
CUST_00043,63.39,2025-10-27 02:41:42.460532,TX ,Clothing
CUST_00044,521.38,2025-11-26 02:41:42.460532,N.Y,Home & Garden
CUST_00045,509.69,2025-11-14 02:41:42.460532,TEXAS,Sports
CUST_00046,158.05,2025-11-28 02:41:42.460532,TEXAS,Home & Garden
CUST_00047,112.8,2025-11-04 02:41:42.460532,Cal,Sports
CUST_00048,132.34,2025-04-29 02:41:42.460532,New York,Home & Garden
CUST_00049,110.02,2025-09-10 02:41:42.460532,US-CA,Books
CUST_00050,613.61,2025-12-22 02:41:42.460532,FLORIDA,Sports
CUST_00051,204.52,2026-01-16 02:41:42.460532,FLORIDA,CLOTH
CUST_00052,258.92,2026-01-09 02:41:42.460532,ILLINOIS,Books
CUST_00053,181.84,2026-01-30 02:41:42.460532,FLORIDA,Home & Garden
CUST_00054,958.26,2025-03-30 02:41:42.460532,NYC,Sports
CUST_00055,856.07,2025-04-06 02:41:42.460532,US-CA,Books
CUST_00056,238.19,2025-07-02 02:41:42.460532,New York State,Fashion
CUST_00057,334.29,2025-05-01 02:41:42.460532,ILLINOIS,Sports
CUST_00058,217.79,2026-03-08 02:41:42.460532,FL,Books
CUST_00059,496.96,2025-06-07 02:41:42.460532,Illinois,Books
CUST_00060,29.41,2026-02-18 02:41:42.460532,Texas,Books
CUST_00061,674.65,2025-07-08 02:41:42.461531,CALIFORNIA,Electronics
CUST_00062,527.93,2025-09-02 02:41:42.461531,Ca.,Home & Garden
CUST_00063,899.65,2025-04-28 02:41:42.461531,Ca.,Sports
CUST_00064,172.75,2025-10-01 02:41:42.461531,NY,Sports
CUST_00065,806.07,2025-07-02 02:41:42.461531,TX,Sports
CUST_00066,794.04,2025-05-21 02:41:42.461531,Ill,Books
CUST_00067,135.91,2025-10-22 02:41:42.461531,N.Y.,Home & Garden
CUST_00068,404.57,2025-07-03 02:41:42.461531,US-CA,Fashion
CUST_00069,178.45,2025-12-08 02:41:42.461531,California,Sports
CUST_00070,262.17,2025-06-23 02:41:42.461531,Ca.,Home & Garden
CUST_00071,270.61,2025-10-19 02:41:42.461531,Fla,Home & Garden
CUST_00072,560.67,2025-08-20 02:41:42.461531,IL,Electronics
CUST_00073,417.3,2025-11-18 02:41:42.461531,Tx.,Sports
CUST_00074,948.26,2025-05-20 02:41:42.461531,Illinois,Books
CUST_00075,135.11,2026-01-05 02:41:42.461531,Calif,Home & Garden
CUST_00076,973.96,2026-02-12 02:41:42.461531,Illinois,Home & Garden
CUST_00077,238.33,2025-06-15 02:41:42.461531,Fl.,Clothing
CUST_00078,775.15,2025-08-07 02:41:42.461531,Il.,Electronics
CUST_00079,345.58,2025-07-10 02:41:42.461531,TEXAS,Home & Garden
CUST_00080,151.65,2025-06-08 02:41:42.461531,TX,Home & Garden
CUST_00081,859.31,2026-02-23 02:41:42.461531,FL,Books
CUST_00082,315.77,2025-06-27 02:41:42.461531,TEXAS,Books
CUST_00083,662.27,2025-09-15 02:41:42.461531,Cal,Apparel
CUST_00084,570.78,2025-08-22 02:41:42.461531,New York,Clothing
CUST_00085,477.04,2025-03-25 02:41:42.461531,Fla,Clothing
CUST_00086,500.86,2025-12-12 02:41:42.461531,Cal,Books
CUST_00087,734.92,2025-07-20 02:41:42.461531,N.Y.,Books
CUST_00088,96.9,2026-01-09 02:41:42.461531,California,Electronics
CUST_00089,671.5,2025-03-19 02:41:42.461531,US-CA,Sports
CUST_00090,896.85,2025-06-19 02:41:42.461531,FLORIDA,Sports
CUST_00091,67.21,2025-07-19 02:41:42.461531,Tx.,Electronics
CUST_00092,149.25,2025-10-01 02:41:42.461531,Tex,Sports
CUST_00093,719.47,2025-03-24 02:41:42.461531,NEW YORK,Books
CUST_00094,442.91,2026-03-07 02:41:42.461531,NYC,Sports
CUST_00095,409.51,2026-03-05 02:41:42.461531,CALIFORNIA,Books
CUST_00096,145.6,2025-03-31 02:41:42.461531,Fla,Electronics
CUST_00097,511.7,2025-11-24 02:41:42.461531,FL,Apparel
CUST_00098,135.28,2025-08-29 02:41:42.461531,NY,Electronics
CUST_00099,481.85,2025-05-18 02:41:42.461531,California,Sports
CUST_00100,765.98,2026-01-19 02:41:42.461531,New York,Books
CUST_00101,265.68,2025-09-26 02:41:42.461531,TX,Sports
CUST_00102,485.98,2025-09-07 02:41:42.461531,Cal,Sports
CUST_00103,992.1,2025-05-02 02:41:42.461531,ILLINOIS,Clothing
CUST_00104,689.78,2025-10-30 02:41:42.461531,US-CA,Sports
CUST_00105,842.94,2025-12-06 02:41:42.461531,NEW YORK,Clothing
CUST_00106,420.7,2025-06-04 02:41:42.461531,Tex,Books
CUST_00107,770.18,2025-10-28 02:41:42.461531,TX,Books
CUST_00108,50.1,2025-11-10 02:41:42.461531,NEW YORK,Clothing
CUST_00109,131.68,2025-10-25 02:41:42.461531,TX,Electronics
CUST_00110,211.04,2025-07-13 02:41:42.461531,Fla,Books
CUST_00111,407.93,2025-05-02 02:41:42.461531,New York,Electronics
CUST_00112,847.29,2025-09-17 02:41:42.461531,Florida,Books
CUST_00113,352.8,2025-09-05 02:41:42.461531,Tx.,Books
CUST_00114,658.07,2025-12-07 02:41:42.461531,CALIFORNIA,Home & Garden
CUST_00115,712.22,2025-06-29 02:41:42.461531,Tx.,Sports
CUST_00116,590.32,2025-08-06 02:41:42.461531,Tx.,Sports
CUST_00117,363.67,2025-11-24 02:41:42.461531,NYC,Electronics
CUST_00118,581.28,2025-08-09 02:41:42.461531,IL,Sports
CUST_00119,348.84,2025-03-18 02:41:42.461531,NEW YORK,Electronics
CUST_00120,93.04,2025-09-02 02:41:42.461531,New York State,Books
CUST_00121,992.88,2025-09-06 02:41:42.461531,Ca.,Home & Garden
CUST_00122,135.91,2025-08-18 02:41:42.461531,CA,Home & Garden
CUST_00123,81.62,2025-10-19 02:41:42.461531,NEW YORK,Books
CUST_00124,879.75,2025-07-24 02:41:42.461531,NY,Clothing
CUST_00125,308.82,2025-12-09 02:41:42.461531,IL,Clothing
CUST_00126,653.79,2025-05-23 02:41:42.461531,NY,Sports
CUST_00127,335.72,2026-01-03 02:41:42.461531,Florida,Electronics
CUST_00128,397.54,2025-05-21 02:41:42.461531,FLORIDA,Home & Garden
CUST_00129,269.49,2025-03-25 02:41:42.461531,FL,Sports
CUST_00130,349.61,2025-11-14 02:41:42.461531,New York State,Books
CUST_00131,416.59,2026-01-19 02:41:42.461531,N.Y.,Home & Garden
CUST_00132,723.21,2025-10-24 02:41:42.461531,Ill,Electronics
CUST_00133,516.42,2025-11-11 02:41:42.461531,NYC,Electronics
CUST_00134,944.13,2025-05-31 02:41:42.461531,CALIFORNIA,Clothing
CUST_00135,51.46,2025-08-02 02:41:42.461531,Fla,Sports
CUST_00136,508.04,2025-08-28 02:41:42.461531,FLORIDA,Books
CUST_00137,588.38,2025-12-01 02:41:42.461531,NEW YORK,Home & Garden
CUST_00138,921.0,2025-12-27 02:41:42.461531,ILLINOIS,Electronics
CUST_00139,58.67,2025-12-25 02:41:42.461531,Tex,Home & Garden
CUST_00140,577.76,2025-07-12 02:41:42.461531,TX,Books
CUST_00141,855.09,2026-03-07 02:41:42.461531,TX,Home & Garden
CUST_00142,249.51,2025-12-11 02:41:42.461531,NYC,Sports
CUST_00143,877.53,2025-08-08 02:41:42.461531,Fl.,Clothing
CUST_00144,28.85,2025-06-29 02:41:42.461531,New York,Home & Garden
CUST_00145,735.13,2026-01-02 02:41:42.461531,Tex,Clothing
CUST_00146,933.78,2025-04-23 02:41:42.461531,TEXAS,Books
CUST_00147,660.63,2025-06-20 02:41:42.461531,California,Clothing
CUST_00148,444.64,2025-06-11 02:41:42.461531,Ca.,Home & Garden
CUST_00149,54.43,2025-10-01 02:41:42.461531,FL,Home & Garden
CUST_00150,920.91,2025-07-05 02:41:42.461531,TX,Electronics
CUST_00151,475.59,2025-10-09 02:41:42.461531,Cal,Home & Garden
CUST_00152,38.71,2025-11-03 02:41:42.461531,Ill,Clothing
CUST_00153,692.92,2025-05-28 02:41:42.461531,N.Y.,Electronics
CUST_00154,487.02,2025-05-25 02:41:42.461531,Illinois,Home & Garden
CUST_00155,133.1,2026-02-15 02:41:42.461531,Ill,Home & Garden
CUST_00156,222.13,2025-08-20 02:41:42.461531,CALIFORNIA,Books
CUST_00157,73.85,2026-01-20 02:41:42.461531,ILLINOIS,Electronics
CUST_00158,578.55,2025-03-23 02:41:42.461531,TEXAS,Books
CUST_00159,625.81,2025-12-18 02:41:42.461531,US-CA,Books
CUST_00160,510.68,2026-02-09 02:41:42.461531,N.Y.,Books
CUST_00161,818.93,2025-11-21 02:41:42.461531,FLORIDA,Sports
CUST_00162,862.4,2025-11-01 02:41:42.461531,ILLINOIS,Books
CUST_00163,619.47,2025-07-11 02:41:42.461531,FL,Clothing
CUST_00164,22.63,2025-04-23 02:41:42.461531,Cal,Home & Garden
CUST_00165,698.28,2026-01-21 02:41:42.461531,FLORIDA,Sports
CUST_00166,423.82,2025-07-24 02:41:42.461531,Cal,Books
CUST_00167,569.9,2025-09-21 02:41:42.461531,ILLINOIS,Home & Garden
CUST_00168,652.59,2025-10-29 02:41:42.461531,CA,Electronics
CUST_00169,356.73,2025-09-08 02:41:42.461531,Illinois,Electronics
CUST_00170,917.93,2025-09-08 02:41:42.461531,Texas,Home & Garden
CUST_00171,142.64,2025-05-29 02:41:42.461531,FL,Clothing
CUST_00172,674.8,2025-05-30 02:41:42.461531,CA,Home & Garden
CUST_00173,14.32,2025-10-31 02:41:42.461531,Ill,Home & Garden
CUST_00174,925.4,2025-09-16 02:41:42.461531,Tx.,Sports
CUST_00175,121.38,2026-03-01 02:41:42.461531,Tx.,Electronics
CUST_00176,103.94,2025-08-13 02:41:42.461531,N.Y,Electronics
CUST_00177,339.68,2026-01-08 02:41:42.461531,Fl.,Books
CUST_00178,379.83,2025-09-13 02:41:42.461531,Tx.,Home & Garden
CUST_00179,222.16,2025-03-29 02:41:42.461531,US-CA,Home & Garden
CUST_00180,589.27,2025-05-05 02:41:42.461531,Il.,Clothing
CUST_00181,448.48,2025-11-30 02:41:42.461531,Calif,Electronics
CUST_00182,43.83,2025-05-20 02:41:42.461531,TEXAS,Clothing
CUST_00183,326.46,2025-05-21 02:41:42.461531,N.Y.,Sports
CUST_00184,812.33,2025-04-13 02:41:42.461531,TEXAS,Books
CUST_00185,692.8,2025-04-13 02:41:42.461531,ILLINOIS,Clothing
CUST_00186,727.62,2025-06-09 02:41:42.461531,TEXAS,Electronics
CUST_00187,701.14,2025-12-12 02:41:42.461531,Tex,Sports
CUST_00188,317.86,2025-10-17 02:41:42.461531,FL,Home & Garden
CUST_00189,108.67,2025-09-11 02:41:42.461531,Fl.,Sports
CUST_00190,279.74,2025-09-26 02:41:42.461531,CALIFORNIA,Clothing
CUST_00191,833.47,2025-04-01 02:41:42.461531,NYC,Electronics
CUST_00192,980.67,2025-06-23 02:41:42.461531,N.Y,Clothing
CUST_00193,498.91,2025-07-05 02:41:42.461531,NY,Home & Garden
CUST_00194,19.6,2025-07-26 02:41:42.461531,ILLINOIS,Home & Garden
CUST_00195,148.64,2026-01-30 02:41:42.461531,Fl.,Electronics
CUST_00196,328.86,2025-08-28 02:41:42.461531,Tx.,Books
CUST_00197,582.8,2025-05-01 02:41:42.461531,FLORIDA,Sports
CUST_00198,84.34,2025-10-16 02:41:42.461531,Illinois,Sports
CUST_00199,943.92,2025-07-17 02:41:42.461531,New York,Home & Garden
CUST_00200,371.43,2025-04-22 02:41:42.461531,CALIFORNIA,Clothing
CUST_00201,913.46,2025-12-27 02:41:42.461531,TX,Clothing
CUST_00202,782.72,2025-12-16 02:41:42.461531,Texas,Books
CUST_00203,757.88,2025-04-18 02:41:42.461531,Texas,Clothing
CUST_00204,610.65,2025-09-20 02:41:42.461531,Cal,Sports
CUST_00205,630.52,2025-08-08 02:41:42.461531,N.Y,Clothing
CUST_00206,641.62,2025-04-22 02:41:42.461531,NYC,Books
CUST_00207,632.43,2025-05-02 02:41:42.462530,Texas,Sports
CUST_00208,558.19,2025-05-23 02:41:42.462530,CA,Clothing
CUST_00209,986.55,2025-08-16 02:41:42.462530,Fla,Sports
CUST_00210,734.97,2026-02-03 02:41:42.462530,NY,Home & Garden
CUST_00211,779.18,2026-01-30 02:41:42.462530,Illinois,Home & Garden
CUST_00212,873.74,2025-12-19 02:41:42.462530,IL,Home & Garden
CUST_00213,223.48,2025-09-17 02:41:42.462530,TX,Clothing
CUST_00214,92.97,2025-11-15 02:41:42.462530,Fla,Books
CUST_00215,488.07,2025-10-02 02:41:42.462530,Ca.,Sports
CUST_00216,518.94,2025-09-30 02:41:42.462530,Fl.,Electronics
CUST_00217,830.89,2025-04-11 02:41:42.462530,Texas,Home & Garden
CUST_00218,449.35,2025-10-13 02:41:42.462530,CALIFORNIA,Home & Garden
CUST_00219,575.14,2025-03-13 02:41:42.462530,TX,Electronics
CUST_00220,531.8,2025-10-26 02:41:42.462530,Ca.,Electronics
CUST_00221,47.82,2025-05-06 02:41:42.462530,Ca.,Clothing
CUST_00222,619.06,2025-04-15 02:41:42.462530,Tx.,Sports
CUST_00223,829.76,2025-08-21 02:41:42.462530,Tx.,Home & Garden
CUST_00224,165.93,2025-10-24 02:41:42.462530,Fla,Books
CUST_00225,598.39,2025-07-27 02:41:42.462530,Illinois,Clothing
CUST_00226,597.67,2025-09-07 02:41:42.462530,CALIFORNIA,Clothing
CUST_00227,172.54,2025-05-15 02:41:42.462530,FLORIDA,Books
CUST_00228,132.23,2025-06-18 02:41:42.462530,FLORIDA,Books
CUST_00229,980.25,2025-07-24 02:41:42.462530,Tex,Books
CUST_00230,399.78,2025-08-12 02:41:42.462530,NYC,Electronics
CUST_00231,235.15,2025-12-16 02:41:42.462530,Calif,Home & Garden
CUST_00232,179.61,2025-12-07 02:41:42.462530,NY,Electronics
CUST_00233,670.93,2026-02-28 02:41:42.462530,Fl.,Home & Garden
CUST_00234,613.35,2026-01-06 02:41:42.462530,Tex,Electronics
CUST_00235,647.12,2025-11-11 02:41:42.462530,NY,Sports
CUST_00236,97.13,2025-04-07 02:41:42.462530,Cal,Home & Garden
CUST_00237,894.6,2025-11-03 02:41:42.462530,N.Y.,Clothing
CUST_00238,395.37,2025-03-18 02:41:42.462530,NYC,Home & Garden
CUST_00239,320.24,2026-01-30 02:41:42.462530,NY,Home & Garden
CUST_00240,467.74,2025-11-24 02:41:42.462530,Calif,Home & Garden
CUST_00241,396.17,2025-12-16 02:41:42.462530,Fla,Sports
CUST_00242,864.94,2025-08-20 02:41:42.462530,US-CA,Electronics
CUST_00243,929.97,2026-01-18 02:41:42.462530,Texas,Clothing
CUST_00244,310.42,2026-01-22 02:41:42.462530,Il.,Electronics
CUST_00245,865.3,2026-02-07 02:41:42.462530,IL,Electronics
CUST_00246,783.71,2025-07-12 02:41:42.462530,NYC,Books
CUST_00247,931.5,2025-06-04 02:41:42.462530,N.Y,Sports
CUST_00248,253.29,2026-02-12 02:41:42.462530,Tex,Books
CUST_00249,581.19,2026-02-26 02:41:42.462530,Il.,Sports
CUST_00250,281.8,2025-08-20 02:41:42.462530,TX,Electronics
CUST_00251,825.85,2025-06-16 02:41:42.462530,ILLINOIS,Electronics
CUST_00252,15.27,2026-01-28 02:41:42.462530,Calif,Sports
CUST_00253,569.17,2026-01-17 02:41:42.462530,Calif,Electronics
CUST_00254,345.81,2025-10-28 02:41:42.462530,FL,Electronics
CUST_00255,329.46,2025-04-29 02:41:42.462530,NEW YORK,Clothing
CUST_00256,648.46,2025-12-22 02:41:42.462530,California,Books
CUST_00257,852.97,2026-01-27 02:41:42.462530,Florida,Books
CUST_00258,613.1,2025-04-10 02:41:42.462530,Texas,Books
CUST_00259,854.64,2025-08-24 02:41:42.462530,FL,Home & Garden
CUST_00260,271.95,2025-10-04 02:41:42.462530,Ill,Clothing
CUST_00261,524.31,2025-11-14 02:41:42.462530,N.Y.,Books
CUST_00262,456.03,2025-11-05 02:41:42.462530,Ill,Books
CUST_00263,21.53,2025-10-17 02:41:42.462530,FLORIDA,Clothing
CUST_00264,561.24,2025-07-28 02:41:42.462530,N.Y.,Electronics
CUST_00265,664.91,2025-04-25 02:41:42.462530,Tx.,Books
CUST_00266,596.0,2026-01-06 02:41:42.462530,TEXAS,Electronics
CUST_00267,738.92,2026-01-03 02:41:42.462530,Tx.,Books
CUST_00268,575.63,2025-06-15 02:41:42.462530,Ca.,Sports
CUST_00269,76.08,2025-12-14 02:41:42.462530,N.Y,Home & Garden
CUST_00270,125.28,2026-02-25 02:41:42.462530,FL,Books
CUST_00271,600.51,2026-02-22 02:41:42.462530,N.Y,Sports
CUST_00272,282.23,2025-04-06 02:41:42.462530,NYC,Clothing
CUST_00273,88.85,2025-09-10 02:41:42.462530,Tx.,Sports
CUST_00274,435.31,2025-09-26 02:41:42.462530,FL,Clothing
CUST_00275,558.78,2025-07-11 02:41:42.462530,ILLINOIS,Books
CUST_00276,335.46,2025-07-15 02:41:42.462530,Ill,Clothing
CUST_00277,723.23,2025-06-08 02:41:42.462530,Cal,Sports
CUST_00278,647.33,2025-10-23 02:41:42.462530,Texas,Home & Garden
CUST_00279,339.49,2025-06-04 02:41:42.462530,N.Y.,Electronics
CUST_00280,757.32,2025-07-27 02:41:42.462530,N.Y,Electronics
CUST_00281,652.21,2026-01-01 02:41:42.462530,Il.,Home & Garden
CUST_00282,641.07,2025-03-19 02:41:42.462530,NY,Electronics
CUST_00283,557.89,2025-06-08 02:41:42.462530,Texas,Books
CUST_00284,21.28,2025-12-11 02:41:42.462530,N.Y,Books
CUST_00285,699.54,2025-05-13 02:41:42.462530,NYC,Sports
CUST_00286,382.28,2025-05-10 02:41:42.462530,Ill,Sports
CUST_00287,943.18,2025-07-21 02:41:42.462530,Illinois,Clothing
CUST_00288,819.8,2025-04-22 02:41:42.462530,NYC,Sports
CUST_00289,591.82,2025-04-20 02:41:42.462530,Tex,Books
CUST_00290,259.66,2025-05-27 02:41:42.462530,IL,Sports
CUST_00291,211.68,2025-08-01 02:41:42.462530,Tex,Electronics
CUST_00292,346.98,2025-06-16 02:41:42.462530,ILLINOIS,Clothing
CUST_00293,481.8,2025-04-18 02:41:42.462530,TX,Clothing
CUST_00294,303.1,2025-04-18 02:41:42.462530,CA,Books
CUST_00295,519.78,2025-06-11 02:41:42.462530,Texas,Sports
CUST_00296,173.72,2025-10-04 02:41:42.462530,ILLINOIS,Electronics
CUST_00297,977.94,2025-09-15 02:41:42.462530,CALIFORNIA,Sports
CUST_00298,116.85,2025-07-08 02:41:42.462530,TX,Home & Garden
CUST_00299,932.62,2025-06-08 02:41:42.462530,Ca.,Sports
CUST_00300,914.44,2025-11-15 02:41:42.462530,NY,Books
CUST_00301,530.11,2026-01-25 02:41:42.462530,Cal,Sports
CUST_00302,727.66,2025-07-28 02:41:42.462530,Texas,Clothing
CUST_00303,441.69,2025-10-05 02:41:42.462530,FL,Electronics
CUST_00304,633.73,2025-09-05 02:41:42.462530,N.Y.,Books
CUST_00305,347.17,2025-08-12 02:41:42.462530,US-CA,Home & Garden
CUST_00306,308.15,2025-10-29 02:41:42.462530,CALIFORNIA,Electronics
CUST_00307,582.45,2025-12-22 02:41:42.462530,Ca.,Electronics
CUST_00308,503.15,2025-10-07 02:41:42.462530,Ca.,Clothing
CUST_00309,583.74,2026-03-06 02:41:42.462530,NYC,Clothing
CUST_00310,293.79,2026-03-11 02:41:42.462530,TX,Clothing
CUST_00311,373.29,2025-06-17 02:41:42.462530,Florida,Books
CUST_00312,93.06,2026-01-01 02:41:42.462530,Ill,Sports
CUST_00313,61.75,2025-09-16 02:41:42.462530,California,Electronics
CUST_00314,260.92,2025-10-16 02:41:42.462530,Fla,Sports
CUST_00315,83.5,2025-07-14 02:41:42.462530,NY,Sports
CUST_00316,112.74,2025-06-11 02:41:42.462530,New York State,Clothing
CUST_00317,814.8,2026-03-07 02:41:42.462530,IL,Sports
CUST_00318,48.48,2025-03-24 02:41:42.462530,NEW YORK,Electronics
CUST_00319,662.35,2025-07-03 02:41:42.462530,FLORIDA,Electronics
CUST_00320,279.83,2025-07-10 02:41:42.462530,California,Home & Garden
CUST_00321,872.83,2025-10-09 02:41:42.462530,Tex,Books
CUST_00322,490.14,2026-03-07 02:41:42.462530,Fla,Sports
CUST_00323,312.52,2025-08-03 02:41:42.462530,Tex,Books
CUST_00324,522.46,2025-10-13 02:41:42.462530,Tex,Books
CUST_00325,388.14,2025-05-10 02:41:42.462530,US-CA,Books
CUST_00326,568.66,2025-11-13 02:41:42.462530,Tx.,Books
CUST_00327,123.39,2026-03-08 02:41:42.462530,Ca.,Electronics
CUST_00328,997.02,2025-06-04 02:41:42.462530,FL,Sports
CUST_00329,431.3,2025-09-01 02:41:42.462530,Ill,Home & Garden
CUST_00330,354.75,2025-12-05 02:41:42.462530,New York State,Books
CUST_00331,713.11,2025-08-13 02:41:42.462530,CA,Home & Garden
CUST_00332,370.26,2025-05-28 02:41:42.462530,NY,Electronics
CUST_00333,834.94,2025-07-31 02:41:42.462530,Calif,Electronics
CUST_00334,459.73,2025-08-21 02:41:42.462530,CALIFORNIA,Clothing
CUST_00335,722.36,2025-11-04 02:41:42.462530,Tx.,Books
CUST_00336,116.38,2025-12-18 02:41:42.462530,Tx.,Clothing
CUST_00337,847.66,2025-04-15 02:41:42.462530,Ca.,Home & Garden
CUST_00338,738.36,2025-08-24 02:41:42.462530,CALIFORNIA,Sports
CUST_00339,219.6,2025-08-30 02:41:42.462530,FL,Clothing
CUST_00340,153.83,2025-11-19 02:41:42.462530,Texas,Electronics
CUST_00341,323.13,2025-10-28 02:41:42.462530,Calif,Books
CUST_00342,976.31,2026-01-30 02:41:42.462530,ILLINOIS,Home & Garden
CUST_00343,264.26,2025-08-07 02:41:42.462530,Tx.,Electronics
CUST_00344,461.57,2025-04-25 02:41:42.462530,CALIFORNIA,Sports
CUST_00345,39.72,2025-11-09 02:41:42.462530,Calif,Books
CUST_00346,403.26,2025-06-20 02:41:42.462530,Ca.,Sports
CUST_00347,575.61,2025-05-02 02:41:42.462530,N.Y.,Sports
CUST_00348,953.59,2025-03-21 02:41:42.462530,Il.,Books
CUST_00349,521.57,2025-03-26 02:41:42.462530,Ca.,Books
CUST_00350,820.92,2025-10-23 02:41:42.462530,Texas,Sports
CUST_00351,551.66,2025-10-17 02:41:42.462530,N.Y,Home & Garden
CUST_00352,50.38,2025-04-13 02:41:42.462530,TX,Books
CUST_00353,321.86,2025-06-12 02:41:42.462530,Tx.,Electronics
CUST_00354,579.79,2025-10-25 02:41:42.462530,FL,Clothing
CUST_00355,951.09,2025-08-12 02:41:42.463531,CA,Home & Garden
CUST_00356,860.54,2025-12-05 02:41:42.463531,ILLINOIS,Books
CUST_00357,236.07,2026-02-04 02:41:42.463531,FLORIDA,Books
CUST_00358,227.91,2025-12-08 02:41:42.463531,FLORIDA,Home & Garden
CUST_00359,209.16,2026-01-01 02:41:42.463531,Fla,Clothing
CUST_00360,923.27,2025-10-14 02:41:42.463531,Ill,Sports
CUST_00361,854.14,2026-01-14 02:41:42.463531,New York,Electronics
CUST_00362,777.13,2025-04-19 02:41:42.463531,Cal,Books
CUST_00363,398.81,2025-07-21 02:41:42.463531,US-CA,Clothing
CUST_00364,509.34,2025-04-29 02:41:42.463531,TX,Electronics
CUST_00365,469.69,2025-07-23 02:41:42.463531,TX,Home & Garden
CUST_00366,260.86,2025-10-23 02:41:42.463531,Tex,Books
CUST_00367,509.98,2025-03-18 02:41:42.463531,Illinois,Sports
CUST_00368,40.19,2025-04-27 02:41:42.463531,Tex,Home & Garden
CUST_00369,140.49,2025-07-03 02:41:42.463531,Ca.,Books
CUST_00370,887.72,2025-12-05 02:41:42.463531,NY,Clothing
CUST_00371,754.16,2025-09-28 02:41:42.463531,Ill,Electronics
CUST_00372,428.64,2026-03-02 02:41:42.463531,New York State,Electronics
CUST_00373,521.98,2025-12-24 02:41:42.463531,TX,Books
CUST_00374,376.3,2026-02-14 02:41:42.463531,CALIFORNIA,Home & Garden
CUST_00375,743.37,2025-06-11 02:41:42.463531,IL,Sports
CUST_00376,786.35,2026-02-28 02:41:42.463531,Tx.,Clothing
CUST_00377,765.65,2025-12-06 02:41:42.463531,Ill,Books
CUST_00378,725.39,2026-01-18 02:41:42.463531,Fl.,Clothing
CUST_00379,212.46,2025-10-18 02:41:42.463531,Ca.,Electronics
CUST_00380,344.59,2025-10-25 02:41:42.463531,TX,Sports
CUST_00381,475.15,2026-01-06 02:41:42.463531,Fla,Clothing
CUST_00382,337.49,2025-07-30 02:41:42.463531,Texas,Books
CUST_00383,757.39,2026-03-07 02:41:42.463531,N.Y.,Sports
CUST_00384,336.06,2025-11-12 02:41:42.463531,Ca.,Home & Garden
CUST_00385,146.85,2026-01-24 02:41:42.463531,FLORIDA,Books
CUST_00386,405.05,2025-12-24 02:41:42.463531,Fla,Clothing
CUST_00387,980.12,2026-03-04 02:41:42.463531,NEW YORK,Sports
CUST_00388,233.62,2025-07-02 02:41:42.463531,Il.,Books
CUST_00389,616.04,2025-11-20 02:41:42.463531,TX,Sports
CUST_00390,438.64,2025-09-17 02:41:42.463531,TX,Sports
CUST_00391,80.31,2025-08-08 02:41:42.463531,Tx.,Sports
CUST_00392,493.0,2025-10-03 02:41:42.463531,Cal,Clothing
CUST_00393,705.14,2025-06-29 02:41:42.463531,NY,Books
CUST_00394,518.09,2025-09-02 02:41:42.463531,N.Y,Electronics
CUST_00395,873.39,2025-07-17 02:41:42.463531,N.Y,Electronics
CUST_00396,296.05,2025-03-20 02:41:42.463531,CALIFORNIA,Clothing
CUST_00397,95.39,2026-02-23 02:41:42.463531,California,Clothing
CUST_00398,937.2,2025-09-23 02:41:42.463531,CA,Sports
CUST_00399,384.41,2026-01-29 02:41:42.463531,US-CA,Books
CUST_00400,580.64,2025-12-27 02:41:42.463531,Texas,Books
CUST_00401,794.08,2026-02-11 02:41:42.463531,Illinois,Home & Garden
CUST_00402,331.07,2025-10-26 02:41:42.463531,Il.,Home & Garden
CUST_00403,719.0,2025-08-23 02:41:42.463531,Texas,Electronics
CUST_00404,144.06,2026-02-03 02:41:42.463531,Fla,Home & Garden
CUST_00405,298.38,2025-06-06 02:41:42.463531,New York State,Home & Garden
CUST_00406,153.26,2025-07-14 02:41:42.463531,Ill,Electronics
CUST_00407,813.12,2025-12-09 02:41:42.463531,CALIFORNIA,Electronics
CUST_00408,230.42,2025-12-03 02:41:42.463531,TX,Home & Garden
CUST_00409,720.23,2025-11-03 02:41:42.463531,California,Books
CUST_00410,943.87,2025-08-28 02:41:42.463531,Ca.,Home & Garden
CUST_00411,532.49,2026-03-05 02:41:42.463531,Tex,Sports
CUST_00412,544.63,2026-01-08 02:41:42.463531,ILLINOIS,Sports
CUST_00413,466.42,2025-03-11 02:41:42.463531,TX,Sports
CUST_00414,332.63,2025-11-04 02:41:42.463531,TX,Clothing
CUST_00415,480.9,2025-08-26 02:41:42.463531,Calif,Sports
CUST_00416,606.78,2025-07-28 02:41:42.463531,ILLINOIS,Books
CUST_00417,986.13,2025-11-05 02:41:42.463531,IL,Clothing
CUST_00418,938.39,2026-02-22 02:41:42.463531,TEXAS,Clothing
CUST_00419,863.53,2025-11-30 02:41:42.463531,Texas,Sports
CUST_00420,890.24,2025-07-19 02:41:42.463531,Fl.,Home & Garden
CUST_00421,473.17,2026-01-22 02:41:42.463531,California,Electronics
CUST_00422,660.87,2025-06-18 02:41:42.463531,Cal,Home & Garden
CUST_00423,896.12,2025-04-05 02:41:42.463531,Tex,Home & Garden
CUST_00424,399.02,2025-11-25 02:41:42.463531,Fla,Clothing
CUST_00425,962.14,2025-07-12 02:41:42.463531,CALIFORNIA,Clothing
CUST_00426,421.63,2025-08-24 02:41:42.463531,ILLINOIS,Clothing
CUST_00427,605.07,2025-03-28 02:41:42.463531,TX,Books
CUST_00428,712.71,2025-10-03 02:41:42.463531,TEXAS,Books
CUST_00429,951.09,2025-09-27 02:41:42.463531,Ill,Electronics
CUST_00430,252.17,2025-12-20 02:41:42.463531,CA,Clothing
CUST_00431,748.67,2025-04-23 02:41:42.463531,ILLINOIS,Sports
CUST_00432,525.61,2026-02-18 02:41:42.463531,Fl.,Clothing
CUST_00433,275.87,2025-06-03 02:41:42.463531,Fla,Books
CUST_00434,778.84,2025-06-18 02:41:42.463531,FL,Clothing
CUST_00435,556.7,2026-01-08 02:41:42.463531,New York State,Books
CUST_00436,664.36,2025-11-02 02:41:42.463531,Texas,Clothing
CUST_00437,329.67,2025-07-08 02:41:42.463531,New York State,Sports
CUST_00438,486.46,2025-04-19 02:41:42.463531,NYC,Electronics
CUST_00439,621.18,2025-10-10 02:41:42.463531,Illinois,Sports
CUST_00440,410.86,2025-11-30 02:41:42.463531,Calif,Books
CUST_00441,206.39,2025-09-08 02:41:42.463531,Florida,Home & Garden
CUST_00442,962.02,2026-02-13 02:41:42.463531,Texas,Sports
CUST_00443,516.35,2025-04-04 02:41:42.463531,New York State,Clothing
CUST_00444,736.58,2025-11-20 02:41:42.463531,NY,Electronics
CUST_00445,416.94,2026-01-13 02:41:42.463531,IL,Clothing
CUST_00446,361.58,2025-11-11 02:41:42.463531,Tex,Clothing
CUST_00447,413.09,2025-04-21 02:41:42.463531,IL,Sports
CUST_00448,415.1,2025-08-01 02:41:42.463531,Fl.,Electronics
CUST_00449,548.74,2025-09-26 02:41:42.463531,N.Y,Home & Garden
CUST_00450,548.04,2026-03-04 02:41:42.463531,NYC,Clothing
CUST_00451,502.18,2025-12-16 02:41:42.463531,Tx.,Electronics
CUST_00452,143.44,2025-10-21 02:41:42.463531,IL,Home & Garden
CUST_00453,501.11,2025-05-16 02:41:42.463531,FLORIDA,Clothing
CUST_00454,177.41,2026-01-09 02:41:42.463531,Il.,Electronics
CUST_00455,134.87,2025-08-21 02:41:42.463531,Fl.,Sports
CUST_00456,933.32,2025-11-07 02:41:42.463531,Ill,Clothing
CUST_00457,608.9,2026-03-07 02:41:42.463531,Florida,Clothing
CUST_00458,662.9,2026-02-18 02:41:42.463531,Tx.,Electronics
CUST_00459,407.78,2025-05-18 02:41:42.463531,California,Clothing
CUST_00460,909.89,2025-03-23 02:41:42.463531,New York State,Home & Garden
CUST_00461,641.55,2025-07-11 02:41:42.463531,CALIFORNIA,Clothing
CUST_00462,771.48,2025-03-24 02:41:42.463531,N.Y.,Books
CUST_00463,374.88,2025-05-10 02:41:42.463531,Tex,Home & Garden
CUST_00464,960.41,2025-12-22 02:41:42.463531,Fl.,Electronics
CUST_00465,822.26,2025-09-02 02:41:42.463531,NY,Home & Garden
CUST_00466,855.41,2026-01-25 02:41:42.463531,Il.,Books
CUST_00467,180.47,2025-11-04 02:41:42.463531,Illinois,Books
CUST_00468,278.25,2025-12-21 02:41:42.463531,Cal,Clothing
CUST_00469,292.77,2025-06-29 02:41:42.463531,New York,Clothing
CUST_00470,278.2,2026-01-24 02:41:42.463531,TX,Sports
CUST_00471,856.85,2025-03-25 02:41:42.463531,ILLINOIS,Home & Garden
CUST_00472,41.57,2025-04-29 02:41:42.463531,TEXAS,Sports
CUST_00473,85.34,2025-09-19 02:41:42.463531,New York State,Books
CUST_00474,281.18,2025-04-25 02:41:42.463531,N.Y.,Clothing
CUST_00475,207.87,2026-02-09 02:41:42.463531,US-CA,Clothing
CUST_00476,239.54,2026-02-09 02:41:42.463531,CA,Clothing
CUST_00477,799.96,2025-09-10 02:41:42.463531,Florida,Electronics
CUST_00478,567.5,2025-04-15 02:41:42.463531,FLORIDA,Books
CUST_00479,15.71,2025-12-23 02:41:42.463531,IL,Clothing
CUST_00480,435.03,2025-03-17 02:41:42.463531,CA,Books
CUST_00481,413.81,2025-06-10 02:41:42.463531,Tx.,Clothing
CUST_00482,122.81,2026-01-16 02:41:42.463531,Texas,Home & Garden
CUST_00483,679.38,2026-01-06 02:41:42.463531,California,Books
CUST_00484,705.08,2025-07-05 02:41:42.463531,Texas,Sports
CUST_00485,723.68,2025-11-12 02:41:42.463531,CA,Electronics
CUST_00486,731.19,2025-09-30 02:41:42.463531,N.Y,Sports
CUST_00487,10.05,2025-05-30 02:41:42.463531,FL,Books
CUST_00488,954.38,2025-04-15 02:41:42.463531,US-CA,Clothing
CUST_00489,816.07,2025-09-15 02:41:42.463531,Florida,Books
CUST_00490,904.94,2025-07-30 02:41:42.463531,IL,Electronics
CUST_00491,25.49,2025-12-03 02:41:42.463531,NEW YORK,Books
CUST_00492,934.52,2026-03-01 02:41:42.463531,New York State,Clothing
CUST_00493,811.69,2025-03-24 02:41:42.463531,NYC,Sports
CUST_00494,838.85,2025-08-30 02:41:42.463531,California,Home & Garden
CUST_00495,102.35,2025-09-09 02:41:42.463531,CALIFORNIA,Sports
CUST_00496,741.39,2026-01-02 02:41:42.463531,New York State,Clothing
CUST_00497,960.32,2025-11-03 02:41:42.463531,FL,Clothing
CUST_00498,681.76,2026-02-19 02:41:42.463531,Tx.,Electronics
CUST_00499,574.86,2025-07-06 02:41:42.463531,N.Y.,Books
CUST_00500,946.17,2025-03-15 02:41:42.463531,N.Y.,Books
